measurement_id,dataset,sample_id,position_mm,date
f_001,fixed_spectra,pe,217.3,2025-02-18
f_002,fixed_spectra,pet,226.2,2025-02-18
f_003,fixed_spectra,pp,238.9,2025-02-18
f_004,fixed_spectra,ps,249.3,2025-02-18
f_005,fixed_spectra,pvc,260.0,2025-02-18
f_006,fixed_spectra,microscope_slide,270.8,2025-02-18
f_007,fixed_spectra,pp,33.0,2025-02-20
f_008,fixed_spectra,pp,42.7,2025-02-20
f_009,fixed_spectra,pp,53.0,2025-02-20
f_010,fixed_spectra,pp,64.4,2025-02-20
f_011,fixed_spectra,pp,74.3,2025-02-20
f_012,fixed_spectra,pp,85.6,2025-02-20
f_013,fixed_spectra,pp,124.7,2025-02-20
f_014,fixed_spectra,pp,135.3,2025-02-20
f_015,fixed_spectra,pp,146.9,2025-02-20
f_016,fixed_spectra,pp,156.9,2025-02-20
f_017,fixed_spectra,pp,166.9,2025-02-20
f_018,fixed_spectra,pp,177.0,2025-02-20
f_019,fixed_spectra,pp,217.6,2025-02-20
f_020,fixed_spectra,pp,226.0,2025-02-20
f_021,fixed_spectra,pp,237.7,2025-02-20
f_022,fixed_spectra,pp,248.0,2025-02-20
f_023,fixed_spectra,pp,260.4,2025-02-20
f_024,fixed_spectra,microscope_slide,271.1,2025-02-20
f_025,fixed_spectra,pp,33.0,2025-02-20
f_026,fixed_spectra,pp,42.7,2025-02-20
f_027,fixed_spectra,pp,53.0,2025-02-20
f_028,fixed_spectra,pp,64.4,2025-02-20
f_029,fixed_spectra,pp,75.4,2025-02-20
f_030,fixed_spectra,pp,85.6,2025-02-20
f_031,fixed_spectra,pp,124.7,2025-02-20
f_032,fixed_spectra,pp,135.5,2025-02-20
f_033,fixed_spectra,pp,146.9,2025-02-20
f_034,fixed_spectra,pp,156.9,2025-02-20
f_035,fixed_spectra,pp,165.6,2025-02-20
f_036,fixed_spectra,pp,177.0,2025-02-20
f_037,fixed_spectra,pp,217.6,2025-02-20
f_038,fixed_spectra,pp,226.0,2025-02-20
f_039,fixed_spectra,pp,237.7,2025-02-20
f_040,fixed_spectra,pp,248.0,2025-02-20
f_041,fixed_spectra,pp,259.8,2025-02-20
f_042,fixed_spectra,microscope_slide,271.0,2025-02-20
f_043,fixed_spectra,pvc,31.9,2025-03-13
f_044,fixed_spectra,pvc,42.5,2025-03-13
f_045,fixed_spectra,pvc,52.4,2025-03-13
f_046,fixed_spectra,pvc,63.2,2025-03-13
f_047,fixed_spectra,pvc,74.3,2025-03-13
f_048,fixed_spectra,pvc,85.5,2025-03-13
f_049,fixed_spectra,pvc,123.1,2025-03-13
f_050,fixed_spectra,pvc,133.6,2025-03-13
f_051,fixed_spectra,pvc,145.3,2025-03-13
f_052,fixed_spectra,pvc,155.9,2025-03-13
f_053,fixed_spectra,pvc,165.6,2025-03-13
f_054,fixed_spectra,pvc,176.9,2025-03-13
f_055,fixed_spectra,pvc,214.9,2025-03-13
f_056,fixed_spectra,pvc,224.2,2025-03-13
f_057,fixed_spectra,pvc,240.3,2025-03-13
f_058,fixed_spectra,pvc,247.9,2025-03-13
f_059,fixed_spectra,pvc,259.4,2025-03-13
f_060,fixed_spectra,pvc,269.8,2025-03-13
f_061,fixed_spectra,pvc,29.8,2025-03-13
f_062,fixed_spectra,pvc,40.2,2025-03-13
f_063,fixed_spectra,pvc,51.0,2025-03-13
f_064,fixed_spectra,pvc,63.3,2025-03-13
f_065,fixed_spectra,pvc,75.4,2025-03-13
f_066,fixed_spectra,pvc,85.2,2025-03-13
f_067,fixed_spectra,pvc,123.3,2025-03-13
f_068,fixed_spectra,pvc,133.7,2025-03-13
f_069,fixed_spectra,pvc,144.7,2025-03-13
f_070,fixed_spectra,pvc,156.2,2025-03-13
f_071,fixed_spectra,pvc,166.1,2025-03-13
f_072,fixed_spectra,pvc,178.1,2025-03-13
f_073,fixed_spectra,pvc,217.1,2025-03-13
f_074,fixed_spectra,pvc,228.8,2025-03-13
f_075,fixed_spectra,pvc,239.7,2025-03-13
f_076,fixed_spectra,pvc,247.9,2025-03-13
f_077,fixed_spectra,pvc,260.3,2025-03-13
f_078,fixed_spectra,pvc,269.7,2025-03-13
f_079,fixed_spectra,pe,33.5,2025-03-14
f_080,fixed_spectra,pe,42.2,2025-03-14
f_081,fixed_spectra,pe,54.2,2025-03-14
f_082,fixed_spectra,pe,64.8,2025-03-14
f_083,fixed_spectra,pe,75.0,2025-03-14
f_084,fixed_spectra,pe,85.9,2025-03-14
f_085,fixed_spectra,pe,123.4,2025-03-14
f_086,fixed_spectra,pe,137.6,2025-03-14
f_087,fixed_spectra,pe,144.7,2025-03-14
f_088,fixed_spectra,pe,157.7,2025-03-14
f_089,fixed_spectra,pe,166.4,2025-03-14
f_090,fixed_spectra,pe,178.2,2025-03-14
f_091,fixed_spectra,pe,217.1,2025-03-14
f_092,fixed_spectra,pe,228.3,2025-03-14
f_093,fixed_spectra,pe,239.6,2025-03-14
f_094,fixed_spectra,pe,249.6,2025-03-14
f_095,fixed_spectra,pe,260.6,2025-03-14
f_096,fixed_spectra,pe,270.9,2025-03-14
f_097,fixed_spectra,pe,35.7,2025-03-14
f_098,fixed_spectra,pe,43.9,2025-03-14
f_099,fixed_spectra,pe,53.5,2025-03-14
f_100,fixed_spectra,pe,64.3,2025-03-14
f_101,fixed_spectra,pe,75.6,2025-03-14
f_102,fixed_spectra,pe,86.5,2025-03-14
f_103,fixed_spectra,pe,123.3,2025-03-14
f_104,fixed_spectra,pe,135.5,2025-03-14
f_105,fixed_spectra,pe,145.5,2025-03-14
f_106,fixed_spectra,pe,159.6,2025-03-14
f_107,fixed_spectra,pe,166.5,2025-03-14
f_108,fixed_spectra,pe,177.1,2025-03-14
f_109,fixed_spectra,pe,217.1,2025-03-14
f_110,fixed_spectra,pe,228.4,2025-03-14
f_111,fixed_spectra,pe,240.0,2025-03-14
f_112,fixed_spectra,pe,250.8,2025-03-14
f_113,fixed_spectra,pe,259.7,2025-03-14
f_114,fixed_spectra,pe,270.8,2025-03-14
f_115,fixed_spectra,pet,33.2,2025-03-17
f_116,fixed_spectra,pet,43.7,2025-03-17
f_117,fixed_spectra,pet,55.2,2025-03-17
f_118,fixed_spectra,pet,65.2,2025-03-17
f_119,fixed_spectra,pet,75.1,2025-03-17
f_120,fixed_spectra,pet,87.0,2025-03-17
f_121,fixed_spectra,pet,123.3,2025-03-17
f_122,fixed_spectra,pet,136.7,2025-03-17
f_123,fixed_spectra,pet,146.8,2025-03-17
f_124,fixed_spectra,pet,159.1,2025-03-17
f_125,fixed_spectra,pet,169.1,2025-03-17
f_126,fixed_spectra,pet,177.5,2025-03-17
f_127,fixed_spectra,pet,217.7,2025-03-17
f_128,fixed_spectra,pet,228.4,2025-03-17
f_129,fixed_spectra,pet,239.4,2025-03-17
f_130,fixed_spectra,pet,250.9,2025-03-17
f_131,fixed_spectra,pet,259.6,2025-03-17
f_132,fixed_spectra,pet,270.2,2025-03-17
f_133,fixed_spectra,pet,32.1,2025-03-17
f_134,fixed_spectra,pet,44.0,2025-03-17
f_135,fixed_spectra,pet,52.6,2025-03-17
f_136,fixed_spectra,pet,64.5,2025-03-17
f_137,fixed_spectra,pet,75.2,2025-03-17
f_138,fixed_spectra,pet,87.2,2025-03-17
f_139,fixed_spectra,pet,123.2,2025-03-17
f_140,fixed_spectra,pet,136.8,2025-03-17
f_141,fixed_spectra,pet,147.1,2025-03-17
f_142,fixed_spectra,pet,158.2,2025-03-17
f_143,fixed_spectra,pet,169.4,2025-03-17
f_144,fixed_spectra,pet,177.7,2025-03-17
f_145,fixed_spectra,pet,219.0,2025-03-17
f_146,fixed_spectra,pet,229.5,2025-03-17
f_147,fixed_spectra,pet,239.6,2025-03-17
f_148,fixed_spectra,pet,250.1,2025-03-17
f_149,fixed_spectra,pet,263.5,2025-03-17
f_150,fixed_spectra,pet,271.9,2025-03-17
f_151,fixed_spectra,ps,32.4,2025-03-17
f_152,fixed_spectra,ps,43.9,2025-03-17
f_153,fixed_spectra,ps,53.2,2025-03-17
f_154,fixed_spectra,ps,66.0,2025-03-17
f_155,fixed_spectra,ps,75.7,2025-03-17
f_156,fixed_spectra,ps,87.4,2025-03-17
f_157,fixed_spectra,ps,122.9,2025-03-17
f_158,fixed_spectra,ps,135.4,2025-03-17
f_159,fixed_spectra,ps,146.9,2025-03-17
f_160,fixed_spectra,ps,158.1,2025-03-17
f_161,fixed_spectra,ps,168.8,2025-03-17
f_162,fixed_spectra,ps,179.0,2025-03-17
f_163,fixed_spectra,ps,219.4,2025-03-17
f_164,fixed_spectra,ps,229.4,2025-03-17
f_165,fixed_spectra,ps,239.3,2025-03-17
f_166,fixed_spectra,ps,250.9,2025-03-17
f_167,fixed_spectra,ps,263.0,2025-03-17
f_168,fixed_spectra,ps,271.1,2025-03-17
f_169,fixed_spectra,ps,32.4,2025-03-17
f_170,fixed_spectra,ps,43.9,2025-03-17
f_171,fixed_spectra,ps,53.2,2025-03-17
f_172,fixed_spectra,ps,66.0,2025-03-17
f_173,fixed_spectra,ps,75.7,2025-03-17
f_174,fixed_spectra,ps,87.4,2025-03-17
f_175,fixed_spectra,ps,122.9,2025-03-17
f_176,fixed_spectra,ps,135.4,2025-03-17
f_177,fixed_spectra,ps,146.9,2025-03-17
f_178,fixed_spectra,ps,158.1,2025-03-17
f_179,fixed_spectra,ps,168.8,2025-03-17
f_180,fixed_spectra,ps,179.0,2025-03-17
f_181,fixed_spectra,ps,219.4,2025-03-17
f_182,fixed_spectra,ps,229.4,2025-03-17
f_183,fixed_spectra,ps,239.3,2025-03-17
f_184,fixed_spectra,ps,250.9,2025-03-17
f_185,fixed_spectra,ps,263.0,2025-03-17
f_186,fixed_spectra,ps,271.1,2025-03-17
f_187,fixed_spectra,ps_red,29.5,2025-03-18
f_188,fixed_spectra,ps_red,42.5,2025-03-18
f_189,fixed_spectra,ps_red,53.2,2025-03-18
f_190,fixed_spectra,ps_red,64.9,2025-03-18
f_191,fixed_spectra,ps_red,75.4,2025-03-18
f_192,fixed_spectra,ps_red,87.5,2025-03-18
f_193,fixed_spectra,ps_red,123.6,2025-03-18
f_194,fixed_spectra,ps_red,137.1,2025-03-18
f_195,fixed_spectra,ps_red,146.9,2025-03-18
f_196,fixed_spectra,ps_red,158.3,2025-03-18
f_197,fixed_spectra,ps_red,168.6,2025-03-18
f_198,fixed_spectra,ps_red,178.7,2025-03-18
f_199,fixed_spectra,ps_red,218.1,2025-03-18
f_200,fixed_spectra,ps_red,227.4,2025-03-18
f_201,fixed_spectra,ps_red,239.7,2025-03-18
f_202,fixed_spectra,ps_red,250.9,2025-03-18
f_203,fixed_spectra,ps_red,261.8,2025-03-18
f_204,fixed_spectra,ps_red,271.7,2025-03-18
f_205,fixed_spectra,pp,28.6,2025-03-18
f_206,fixed_spectra,pp,45.3,2025-03-18
f_207,fixed_spectra,pp,51.1,2025-03-18
f_208,fixed_spectra,pp,62.2,2025-03-18
f_209,fixed_spectra,pp,72.2,2025-03-18
f_210,fixed_spectra,pp,87.5,2025-03-18
f_211,fixed_spectra,pp,123.3,2025-03-18
f_212,fixed_spectra,pp,137.8,2025-03-18
f_213,fixed_spectra,pp,146.9,2025-03-18
f_214,fixed_spectra,pp,158.9,2025-03-18
f_215,fixed_spectra,pp,169.3,2025-03-18
f_216,fixed_spectra,pp,178.8,2025-03-18
f_217,fixed_spectra,pp,217.5,2025-03-18
f_218,fixed_spectra,pp,230.1,2025-03-18
f_219,fixed_spectra,pp,239.5,2025-03-18
f_220,fixed_spectra,pp,250.9,2025-03-18
f_221,fixed_spectra,pp,262.0,2025-03-18
f_222,fixed_spectra,pp,273.2,2025-03-18
f_223,fixed_spectra,pp,28.7,2025-03-18
f_224,fixed_spectra,pp,45.4,2025-03-18
f_225,fixed_spectra,pp,51.3,2025-03-18
f_226,fixed_spectra,pp,61.5,2025-03-18
f_227,fixed_spectra,pp,72.8,2025-03-18
f_228,fixed_spectra,pp,87.2,2025-03-18
f_229,fixed_spectra,pp,123.1,2025-03-18
f_230,fixed_spectra,pp,138.0,2025-03-18
f_231,fixed_spectra,pp,147.1,2025-03-18
f_232,fixed_spectra,pp,159.1,2025-03-18
f_233,fixed_spectra,pp,169.2,2025-03-18
f_234,fixed_spectra,pp,177.7,2025-03-18
f_235,fixed_spectra,pp,217.5,2025-03-18
f_236,fixed_spectra,pp,230.0,2025-03-18
f_237,fixed_spectra,pp,239.7,2025-03-18
f_238,fixed_spectra,pp,251.4,2025-03-18
f_239,fixed_spectra,pp,262.1,2025-03-18
f_240,fixed_spectra,pp,273.5,2025-03-18
f_241,fixed_spectra,ps_red,29.7,2025-03-19
f_242,fixed_spectra,ps_red,45.4,2025-03-19
f_243,fixed_spectra,ps_red,56.0,2025-03-19
f_244,fixed_spectra,ps_red,64.2,2025-03-19
f_245,fixed_spectra,ps_red,78.4,2025-03-19
f_246,fixed_spectra,ps_red,84.7,2025-03-19
f_247,fixed_spectra,ps_red,127.8,2025-03-19
f_248,fixed_spectra,ps_red,138.5,2025-03-19
f_249,fixed_spectra,ps_red,145.1,2025-03-19
f_250,fixed_spectra,ps_red,155.2,2025-03-19
f_251,fixed_spectra,ps_red,171.3,2025-03-19
f_252,fixed_spectra,ps_red,177.2,2025-03-19
f_253,fixed_spectra,ps_red,219.3,2025-03-19
f_254,fixed_spectra,ps_red,230.5,2025-03-19
f_255,fixed_spectra,ps_red,239.1,2025-03-19
f_256,fixed_spectra,ps_red,253.7,2025-03-19
f_257,fixed_spectra,ps_red,260.9,2025-03-19
f_258,fixed_spectra,ps_red,272.4,2025-03-19
f_259,fixed_spectra,ps_blue,34.8,2025-03-19
f_260,fixed_spectra,ps_blue,44.8,2025-03-19
f_261,fixed_spectra,ps_blue,56.0,2025-03-19
f_262,fixed_spectra,ps_blue,62.1,2025-03-19
f_263,fixed_spectra,ps_blue,78.5,2025-03-19
f_264,fixed_spectra,ps_blue,84.6,2025-03-19
f_265,fixed_spectra,ps_blue,126.5,2025-03-19
f_266,fixed_spectra,ps_blue,138.1,2025-03-19
f_267,fixed_spectra,ps_blue,143.0,2025-03-19
f_268,fixed_spectra,ps_blue,157.7,2025-03-19
f_269,fixed_spectra,ps_blue,171.0,2025-03-19
f_270,fixed_spectra,ps_blue,181.4,2025-03-19
f_271,fixed_spectra,ps_blue,221.1,2025-03-19
f_272,fixed_spectra,ps_blue,226.0,2025-03-19
f_273,fixed_spectra,ps_blue,240.7,2025-03-19
f_274,fixed_spectra,ps_blue,252.4,2025-03-19
f_275,fixed_spectra,ps_blue,261.4,2025-03-19
f_276,fixed_spectra,ps_blue,272.6,2025-03-19
f_277,fixed_spectra,ps_blue,34.8,2025-03-19
f_278,fixed_spectra,ps_blue,44.8,2025-03-19
f_279,fixed_spectra,ps_blue,56.0,2025-03-19
f_280,fixed_spectra,ps_blue,62.1,2025-03-19
f_281,fixed_spectra,ps_blue,78.5,2025-03-19
f_282,fixed_spectra,ps_blue,84.6,2025-03-19
f_283,fixed_spectra,ps_blue,126.5,2025-03-19
f_284,fixed_spectra,ps_blue,138.1,2025-03-19
f_285,fixed_spectra,ps_blue,143.0,2025-03-19
f_286,fixed_spectra,ps_blue,157.7,2025-03-19
f_287,fixed_spectra,ps_blue,171.0,2025-03-19
f_288,fixed_spectra,ps_blue,181.4,2025-03-19
f_289,fixed_spectra,ps_blue,221.1,2025-03-19
f_290,fixed_spectra,ps_blue,225.6,2025-03-19
f_291,fixed_spectra,ps_blue,240.7,2025-03-19
f_292,fixed_spectra,ps_blue,252.4,2025-03-19
f_293,fixed_spectra,ps_blue,261.7,2025-03-19
f_294,fixed_spectra,ps_blue,272.6,2025-03-19
f_295,fixed_spectra,ps_yellow,29.2,2025-03-19
f_296,fixed_spectra,ps_yellow,46.8,2025-03-19
f_297,fixed_spectra,ps_yellow,57.5,2025-03-19
f_298,fixed_spectra,ps_yellow,68.5,2025-03-19
f_299,fixed_spectra,ps_yellow,78.2,2025-03-19
f_300,fixed_spectra,ps_yellow,88.5,2025-03-19
f_301,fixed_spectra,ps_yellow,121.5,2025-03-19
f_302,fixed_spectra,ps_yellow,132.6,2025-03-19
f_303,fixed_spectra,ps_yellow,143.0,2025-03-19
f_304,fixed_spectra,ps_yellow,161.5,2025-03-19
f_305,fixed_spectra,ps_yellow,172.1,2025-03-19
f_306,fixed_spectra,ps_yellow,181.7,2025-03-19
f_307,fixed_spectra,ps_yellow,220.8,2025-03-19
f_308,fixed_spectra,ps_yellow,231.2,2025-03-19
f_309,fixed_spectra,ps_yellow,242.4,2025-03-19
f_310,fixed_spectra,ps_yellow,251.7,2025-03-19
f_311,fixed_spectra,ps_yellow,263.1,2025-03-19
f_312,fixed_spectra,ps_yellow,274.5,2025-03-19
f_313,fixed_spectra,ps_yellow,32.5,2025-03-19
f_314,fixed_spectra,ps_yellow,41.7,2025-03-19
f_315,fixed_spectra,ps_yellow,59.7,2025-03-19
f_316,fixed_spectra,ps_yellow,68.4,2025-03-19
f_317,fixed_spectra,ps_yellow,78.2,2025-03-19
f_318,fixed_spectra,ps_yellow,89.2,2025-03-19
f_319,fixed_spectra,ps_yellow,126.3,2025-03-19
f_320,fixed_spectra,ps_yellow,132.6,2025-03-19
f_321,fixed_spectra,ps_yellow,140.1,2025-03-19
f_322,fixed_spectra,ps_yellow,161.8,2025-03-19
f_323,fixed_spectra,ps_yellow,170.5,2025-03-19
f_324,fixed_spectra,ps_yellow,178.0,2025-03-19
f_325,fixed_spectra,ps_yellow,221.0,2025-03-19
f_326,fixed_spectra,ps_yellow,232.2,2025-03-19
f_327,fixed_spectra,ps_yellow,242.5,2025-03-19
f_328,fixed_spectra,ps_yellow,251.1,2025-03-19
f_329,fixed_spectra,ps_yellow,259.7,2025-03-19
f_330,fixed_spectra,ps_yellow,267.6,2025-03-19
f_331,fixed_spectra,pp_pink,29.5,2025-03-20
f_332,fixed_spectra,pp_pink,45.9,2025-03-20
f_333,fixed_spectra,pp_pink,50.9,2025-03-20
f_334,fixed_spectra,pp_pink,62.7,2025-03-20
f_335,fixed_spectra,pp_pink,78.9,2025-03-20
f_336,fixed_spectra,pp_pink,84.1,2025-03-20
f_337,fixed_spectra,pp_pink,127.3,2025-03-20
f_338,fixed_spectra,pp_pink,134.4,2025-03-20
f_339,fixed_spectra,pp_pink,143.3,2025-03-20
f_340,fixed_spectra,pp_pink,159.5,2025-03-20
f_341,fixed_spectra,pp_pink,170.5,2025-03-20
f_342,fixed_spectra,pp_pink,179.6,2025-03-20
f_343,fixed_spectra,pp_pink,214.8,2025-03-20
f_344,fixed_spectra,pp_pink,232.2,2025-03-20
f_345,fixed_spectra,pp_pink,239.2,2025-03-20
f_346,fixed_spectra,pp_pink,248.6,2025-03-20
f_347,fixed_spectra,pp_pink,264.5,2025-03-20
f_348,fixed_spectra,pp_pink,271.7,2025-03-20
f_349,fixed_spectra,pp_pink,29.4,2025-03-20
f_350,fixed_spectra,pp_pink,46.0,2025-03-20
f_351,fixed_spectra,pp_pink,50.9,2025-03-20
f_352,fixed_spectra,pp_pink,62.4,2025-03-20
f_353,fixed_spectra,pp_pink,78.8,2025-03-20
f_354,fixed_spectra,pp_pink,83.3,2025-03-20
f_355,fixed_spectra,pp_pink,127.7,2025-03-20
f_356,fixed_spectra,pp_pink,133.5,2025-03-20
f_357,fixed_spectra,pp_pink,142.6,2025-03-20
f_358,fixed_spectra,pp_pink,159.6,2025-03-20
f_359,fixed_spectra,pp_pink,170.2,2025-03-20
f_360,fixed_spectra,pp_pink,181.8,2025-03-20
f_361,fixed_spectra,pp_pink,214.9,2025-03-20
f_362,fixed_spectra,pp_pink,232.5,2025-03-20
f_363,fixed_spectra,pp_pink,236.1,2025-03-20
f_364,fixed_spectra,pp_pink,248.8,2025-03-20
f_365,fixed_spectra,pp_pink,264.5,2025-03-20
f_366,fixed_spectra,pp_pink,271.4,2025-03-20
f_367,fixed_spectra,pp_green,30.1,2025-03-20
f_368,fixed_spectra,pp_green,46.1,2025-03-20
f_369,fixed_spectra,pp_green,51.2,2025-03-20
f_370,fixed_spectra,pp_green,67.6,2025-03-20
f_371,fixed_spectra,pp_green,79.4,2025-03-20
f_372,fixed_spectra,pp_green,83.9,2025-03-20
f_373,fixed_spectra,pp_green,123.8,2025-03-20
f_374,fixed_spectra,pp_green,134.6,2025-03-20
f_375,fixed_spectra,pp_green,142.8,2025-03-20
f_376,fixed_spectra,pp_green,154.2,2025-03-20
f_377,fixed_spectra,pp_green,166.7,2025-03-20
f_378,fixed_spectra,pp_green,181.3,2025-03-20
f_379,fixed_spectra,pp_green,214.4,2025-03-20
f_380,fixed_spectra,pp_green,232.0,2025-03-20
f_381,fixed_spectra,pp_green,236.3,2025-03-20
f_382,fixed_spectra,pp_green,246.9,2025-03-20
f_383,fixed_spectra,pp_green,264.4,2025-03-20
f_384,fixed_spectra,pp_green,269.3,2025-03-20
f_385,fixed_spectra,pp_green,28.5,2025-03-20
f_386,fixed_spectra,pp_green,46.6,2025-03-20
f_387,fixed_spectra,pp_green,51.0,2025-03-20
f_388,fixed_spectra,pp_green,67.6,2025-03-20
f_389,fixed_spectra,pp_green,79.2,2025-03-20
f_390,fixed_spectra,pp_green,83.6,2025-03-20
f_391,fixed_spectra,pp_green,123.1,2025-03-20
f_392,fixed_spectra,pp_green,134.6,2025-03-20
f_393,fixed_spectra,pp_green,143.4,2025-03-20
f_394,fixed_spectra,pp_green,152.2,2025-03-20
f_395,fixed_spectra,pp_green,166.7,2025-03-20
f_396,fixed_spectra,pp_green,181.1,2025-03-20
f_397,fixed_spectra,pp_green,221.2,2025-03-20
f_398,fixed_spectra,pp_green,232.2,2025-03-20
f_399,fixed_spectra,pp_green,236.2,2025-03-20
f_400,fixed_spectra,pp_green,246.7,2025-03-20
f_401,fixed_spectra,pp_green,264.4,2025-03-20
f_402,fixed_spectra,pp_green,269.3,2025-03-20
f_403,fixed_spectra,pp_orange,29.6,2025-03-20
f_404,fixed_spectra,pp_orange,42.5,2025-03-20
f_405,fixed_spectra,pp_orange,51.5,2025-03-20
f_406,fixed_spectra,pp_orange,67.7,2025-03-20
f_407,fixed_spectra,pp_orange,79.2,2025-03-20
f_408,fixed_spectra,pp_orange,88.6,2025-03-20
f_409,fixed_spectra,pp_orange,121.4,2025-03-20
f_410,fixed_spectra,pp_orange,133.9,2025-03-20
f_411,fixed_spectra,pp_orange,143.9,2025-03-20
f_412,fixed_spectra,pp_orange,154.8,2025-03-20
f_413,fixed_spectra,pp_orange,165.3,2025-03-20
f_414,fixed_spectra,pp_orange,181.5,2025-03-20
f_415,fixed_spectra,pp_orange,215.9,2025-03-20
f_416,fixed_spectra,pp_orange,229.1,2025-03-20
f_417,fixed_spectra,pp_orange,242.4,2025-03-20
f_418,fixed_spectra,pp_orange,251.0,2025-03-20
f_419,fixed_spectra,pp_orange,262.8,2025-03-20
f_420,fixed_spectra,pp_orange,269.0,2025-03-20
f_421,fixed_spectra,pp_orange,29.3,2025-03-20
f_422,fixed_spectra,pp_orange,46.8,2025-03-20
f_423,fixed_spectra,pp_orange,57.9,2025-03-20
f_424,fixed_spectra,pp_orange,68.3,2025-03-20
f_425,fixed_spectra,pp_orange,78.9,2025-03-20
f_426,fixed_spectra,pp_orange,88.1,2025-03-20
f_427,fixed_spectra,pp_orange,121.3,2025-03-20
f_428,fixed_spectra,pp_orange,133.4,2025-03-20
f_429,fixed_spectra,pp_orange,142.6,2025-03-20
f_430,fixed_spectra,pp_orange,153.8,2025-03-20
f_431,fixed_spectra,pp_orange,165.7,2025-03-20
f_432,fixed_spectra,pp_orange,177.3,2025-03-20
f_433,fixed_spectra,pp_orange,215.9,2025-03-20
f_434,fixed_spectra,pp_orange,228.9,2025-03-20
f_435,fixed_spectra,pp_orange,242.8,2025-03-20
f_436,fixed_spectra,pp_orange,253.8,2025-03-20
f_437,fixed_spectra,pp_orange,264.0,2025-03-20
f_438,fixed_spectra,pp_orange,275.4,2025-03-20
f_439,fixed_spectra,pp_yellow,33.0,2025-03-24
f_440,fixed_spectra,pp_yellow,44.2,2025-03-24
f_441,fixed_spectra,pp_yellow,54.5,2025-03-24
f_442,fixed_spectra,pp_yellow,65.5,2025-03-24
f_443,fixed_spectra,pp_yellow,76.8,2025-03-24
f_444,fixed_spectra,pp_yellow,86.7,2025-03-24
f_445,fixed_spectra,pp_yellow,125.1,2025-03-24
f_446,fixed_spectra,pp_yellow,136.3,2025-03-24
f_447,fixed_spectra,pp_yellow,145.2,2025-03-24
f_448,fixed_spectra,pp_yellow,155.2,2025-03-24
f_449,fixed_spectra,pp_yellow,165.9,2025-03-24
f_450,fixed_spectra,pp_yellow,177.5,2025-03-24
f_451,fixed_spectra,pp_yellow,220.9,2025-03-24
f_452,fixed_spectra,pp_yellow,229.8,2025-03-24
f_453,fixed_spectra,pp_yellow,241.3,2025-03-24
f_454,fixed_spectra,pp_yellow,249.6,2025-03-24
f_455,fixed_spectra,pp_yellow,260.9,2025-03-24
f_456,fixed_spectra,pp_yellow,273.4,2025-03-24
f_457,fixed_spectra,pp_yellow,32.2,2025-03-25
f_458,fixed_spectra,pp_yellow,45.0,2025-03-25
f_459,fixed_spectra,pp_yellow,54.5,2025-03-25
f_460,fixed_spectra,pp_yellow,65.5,2025-03-25
f_461,fixed_spectra,pp_yellow,77.0,2025-03-25
f_462,fixed_spectra,pp_yellow,84.9,2025-03-25
f_463,fixed_spectra,pp_yellow,125.6,2025-03-25
f_464,fixed_spectra,pp_yellow,136.3,2025-03-25
f_465,fixed_spectra,pp_yellow,149.3,2025-03-25
f_466,fixed_spectra,pp_yellow,160.9,2025-03-25
f_467,fixed_spectra,pp_yellow,165.9,2025-03-25
f_468,fixed_spectra,pp_yellow,177.1,2025-03-25
f_469,fixed_spectra,pp_yellow,220.9,2025-03-25
f_470,fixed_spectra,pp_yellow,228.3,2025-03-25
f_471,fixed_spectra,pp_yellow,241.3,2025-03-25
f_472,fixed_spectra,pp_yellow,252.3,2025-03-25
f_473,fixed_spectra,pp_yellow,262.0,2025-03-25
f_474,fixed_spectra,pp_yellow,273.5,2025-03-25
f_475,fixed_spectra,sand,30.2,2025-05-15
f_476,fixed_spectra,sand,41.8,2025-05-15
f_477,fixed_spectra,sand,54.1,2025-05-15
f_478,fixed_spectra,sand,63.3,2025-05-15
f_479,fixed_spectra,sand,74.4,2025-05-15
f_480,fixed_spectra,sand,85.0,2025-05-15
f_481,fixed_spectra,sand,127.1,2025-05-15
f_482,fixed_spectra,sand,135.6,2025-05-15
f_483,fixed_spectra,sand,148.1,2025-05-15
f_484,fixed_spectra,sand,157.2,2025-05-15
f_485,fixed_spectra,sand,167.2,2025-05-15
f_486,fixed_spectra,sand,177.0,2025-05-15
f_487,fixed_spectra,sand,220.2,2025-05-15
f_488,fixed_spectra,sand,228.2,2025-05-15
f_489,fixed_spectra,sand,239.6,2025-05-15
f_490,fixed_spectra,sand,252.3,2025-05-15
f_491,fixed_spectra,sand,261.6,2025-05-15
f_492,fixed_spectra,sand,273.0,2025-05-15
f_493,fixed_spectra,sand,30.2,2025-05-15
f_494,fixed_spectra,pp,41.8,2025-05-15
f_495,fixed_spectra,ps,54.1,2025-05-15
f_496,fixed_spectra,pvc,64.5,2025-05-15
f_497,fixed_spectra,pe,76.8,2025-05-15
f_498,fixed_spectra,pet,85.2,2025-05-15
f_499,fixed_spectra,pehd_blue,30.5,2025-07-03
f_500,fixed_spectra,pp,41.0,2025-07-03
f_501,fixed_spectra,ps,54.3,2025-07-03
f_502,fixed_spectra,pet,64.5,2025-07-03
f_503,fixed_spectra,pvc,77.1,2025-07-03
f_504,fixed_spectra,test_tube,85.2,2025-07-03
